model,n_obs,hits,directional_accuracy,ci_lower,ci_upper
Naive Baseline,2510,1221,0.4864541832669323,0.46693608179293283,0.5060136856068905
XGBoost,2510,1328,0.5290836653386454,0.5095262987724118,0.5485521418103201
XGBoost Calibrated,2510,1335,0.5318725099601593,0.512317529276103,0.5513300768419594
LightGBM,2510,1310,0.5219123505976095,0.5023516497432187,0.5414060794629493
